agency,requests,deep_dive,answerable_share,unknown_share,fail_share,answerable_share_strict,a1_fail,a2_fail,a3_fail,a3_unknown,open_requests,a4_pass_of_open,a4_fail_of_open,a4_unknown_of_open,a5_fail,a5_unknown
NYPD,460240,1,0.9803,0.0,0.0197,0.7153,0.0,0.0,0.0,0.008,9,1.0,0.0,0.0,0.0197,0.0
HPD,159275,1,0.9724,0.0024,0.0252,0.6894,0.0006,0.0,0.0,0.0247,5151,0.9256,0.0,0.0744,0.0247,0.0
DOT,76000,1,0.6032,0.0601,0.3366,0.3978,0.0053,0.005,0.0058,0.3661,4361,0.1527,0.0,0.8473,0.3306,0.0405
DOB,30604,1,0.6693,0.2073,0.1234,0.6326,0.0,0.1228,0.0434,0.2118,3759,0.0516,0.0,0.9484,0.0,0.0174
DSNY,80490,0,0.0,0.0,0.0,0.0,0.0175,0.0,0.0,0.0,1263,0.8638,0.0,0.1362,0.0,0.0
DEP,56619,0,0.0,0.0,0.0,0.0,0.0008,0.0013,0.0,0.0,1062,0.0998,0.0,0.9002,0.0,0.0
DPR,46360,0,0.0,0.0,0.0,0.0,0.0,0.0,0.0,0.0,15278,0.9999,0.0001,0.0,0.0,0.0
DOHMH,22995,0,0.0,0.0,0.0,0.0,0.0133,0.0001,0.0,0.0,1492,0.9457,0.0007,0.0536,0.0,0.0
DHS,15383,0,0.0,0.0,0.0,0.0,0.0007,0.0,0.0,0.0,866,0.0439,0.9561,0.0,0.0,0.0
TLC,10660,0,0.0,0.0,0.0,0.0,0.0,0.0,0.0,0.0,7026,0.9256,0.0744,0.0,0.0,0.0
DCWP,5735,0,0.0,0.0,0.0,0.0,0.0,0.0,0.0,0.0,10,1.0,0.0,0.0,0.0,0.0
EDC,3090,0,0.0,0.0,0.0,0.0,0.0,0.0,0.0,0.0,3090,1.0,0.0,0.0,0.0,0.0
OOS,1174,0,0.0,0.0,0.0,0.0,0.0,0.0,0.0,0.0,124,0.0,0.0,1.0,0.0,0.0
NYC311-PRD,294,0,0.0,0.0,0.0,0.0,0.0,0.0,0.0,0.0,0,,,,0.0,0.0
OTI,85,0,0.0,0.0,0.0,0.0,0.0,0.0,0.0,0.0,5,1.0,0.0,0.0,0.0,0.0
