agency,sla_state,requests,share_of_agency
DCWP,MATCHED,5735,1.0
DEP,UNMATCHED,31021,0.5479
DEP,MATCHED,21146,0.3735
DEP,AMBIGUOUS,4451,0.0786
DEP,NOT_MANAGED_BY_311,1,0.0
DHS,MATCHED,11239,0.7306
DHS,NOT_MANAGED_BY_311,4144,0.2694
DOB,UNMATCHED,23303,0.7614
DOB,MATCHED,7301,0.2386
DOHMH,MATCHED,20572,0.8946
DOHMH,UNMATCHED,2272,0.0988
DOHMH,NOT_MANAGED_BY_311,95,0.0041
DOHMH,AMBIGUOUS,56,0.0024
DOT,MATCHED,29441,0.3874
DOT,AMBIGUOUS,25902,0.3408
DOT,UNMATCHED,20657,0.2718
DPR,MATCHED,46135,0.9951
DPR,NOT_MANAGED_BY_311,225,0.0049
DSNY,MATCHED,56014,0.6959
DSNY,UNMATCHED,14225,0.1767
DSNY,NOT_MANAGED_BY_311,7466,0.0928
DSNY,AMBIGUOUS,2785,0.0346
EDC,MATCHED,3090,1.0
HPD,MATCHED,149532,0.9388
HPD,AMBIGUOUS,9743,0.0612
NYC311-PRD,UNMATCHED,294,1.0
NYPD,MATCHED,459483,0.9984
NYPD,UNMATCHED,757,0.0016
OOS,UNMATCHED,1174,1.0
OTI,MATCHED,85,1.0
TLC,MATCHED,10070,0.9447
TLC,NOT_MANAGED_BY_311,590,0.0553
