agency,action,requests,share_of_agency
DOB,inspected,10904,0.3563
DOB,reviewed,6231,0.2036
DOB,no_access,5722,0.187
DOB,summons_issued,3453,0.1128
DOB,received_only,1284,0.042
DOB,duplicate,907,0.0296
DOB,other,632,0.0207
DOB,UNMAPPED_OR_MISSING,534,0.0174
DOB,violation_issued,495,0.0162
DOB,referred,442,0.0144
DOT,redirect,20710,0.2725
DOT,repaired,15367,0.2022
DOT,inspected,14007,0.1843
DOT,duplicate,6964,0.0916
DOT,referred,6895,0.0907
DOT,UNMAPPED_OR_MISSING,3075,0.0405
DOT,received_only,2274,0.0299
DOT,violation_issued,1770,0.0233
DOT,other,1415,0.0186
DOT,not_jurisdiction,1127,0.0148
DOT,summons_issued,1043,0.0137
DOT,work_order,819,0.0108
DOT,reviewed,534,0.007
HPD,inspected,47535,0.2984
HPD,violation_issued,28673,0.18
HPD,no_access,26818,0.1684
HPD,other,25422,0.1596
HPD,contacted,14121,0.0887
HPD,duplicate,10712,0.0673
HPD,owner_notified,5949,0.0374
HPD,admin_closed,45,0.0003
NYPD,responded,380233,0.8262
NYPD,summons_issued,54476,0.1184
NYPD,no_access,11935,0.0259
NYPD,not_jurisdiction,5384,0.0117
NYPD,referred,4153,0.009
NYPD,reviewed,3682,0.008
NYPD,arrest,301,0.0007
NYPD,insufficient_info,67,0.0001
NYPD,work_order,5,0.0
NYPD,UNMAPPED_OR_MISSING,3,0.0
NYPD,received_only,1,0.0
