agency,requests,share_open_longer_than_n_days_known,share_open_longer_than_n_days,share_unknown
NYPD,460240,0.0,0.0,0.0
HPD,159275,0.4779,0.4779,0.0
DSNY,80490,0.076,0.076,0.0
DOT,76000,0.3551,0.3551,0.0001
DEP,56619,0.1677,0.1677,0.0002
DPR,46360,0.6159,0.6159,0.0
DOB,30604,0.5052,0.5052,0.0
DOHMH,22995,0.6362,0.6362,0.0
DHS,15383,0.1413,0.1413,0.0
TLC,10660,0.8193,0.8193,0.0
DCWP,5735,0.5895,0.5895,0.0
EDC,3090,1.0,1.0,0.0
OOS,1174,0.9813,0.9813,0.0
NYC311-PRD,294,0.0578,0.0578,0.0
OTI,85,0.8,0.8,0.0
